EID	cell_name	assay	id	data_source	transcription_factor	Category	Prop._SNPs	Prop._h2	Prop._h2_std_error	Enrichment	Enrichment_std_error	Enrichment_p	Coefficient	Coefficient_std_error	Coefficient_z-score	gwas	cohort	p_value	p_value_adjust	enrichment_p_adjust	tau_star	tau_star_zscore	tau_star_pvalue	tau_star_pvalue_adjust
E124	Monocytes-CD14+ RO01746 Primary Cells	DNase	E124_DNase	Roadmap	NA	E124_DNaseL2_1	0.031311	0.5383600000000001	0.18902	17.194000000000003	6.0367	0.0015723	1.3048e-7	6.861e-8	1.9017	kunkle_2019	roadmap	0.9713948070611004	0.9993866509920493	0.3395606464285714	3.357192427667397e-4	1.9017	0.9713948070611004	0.9993866509920493
E029	Primary monocytes from peripheral blood	H3K27ac	E029_H3K27ac	Roadmap	NA	E029_H3K27acL2_1	0.039919	0.60195	0.16866	15.079	4.2251	2.0082000000000002e-5	1.0420999999999999e-7	4.6985e-8	2.218	kunkle_2019	roadmap	0.9867225837915162	0.9993866509920493	0.018959612625	2.2188481856097269e-4	2.218	0.9867225837915162	0.9993866509920493
E124	Monocytes-CD14+ RO01746 Primary Cells	H3K27ac	E124_H3K27ac	Roadmap	NA	E124_H3K27acL2_1	0.040351	0.60848	0.17611	15.08	4.3645	2.2871e-5	1.0339e-7	4.8845e-8	2.1168	kunkle_2019	roadmap	0.9828615873170135	0.9993866509920493	0.018959612625	2.2445390701742205e-4	2.1168	0.9828615873170135	0.9993866509920493
E029	Primary monocytes from peripheral blood	H3K4me1	E029_H3K4me1	Roadmap	NA	E029_H3K4me1L2_1	0.046916	0.65357	0.1723	13.931	3.6725	7.071599999999999e-6	1.1379000000000002e-7	3.9714999999999995e-8	2.8651	kunkle_2019	roadmap	0.9979156121353195	0.9993866509920493	0.0173397725	2.22751151633492e-4	2.8651	0.9979156121353195	0.9993866509920493
E124	Monocytes-CD14+ RO01746 Primary Cells	H3K4me1	E124_H3K4me1	Roadmap	NA	E124_H3K4me1L2_1	0.055808	0.67645	0.17814000000000002	12.120999999999999	3.192	9.1933e-6	9.926600000000001e-8	3.601e-8	2.7566	kunkle_2019	roadmap	0.9970797124689827	0.9993866509920493	0.0173397725	1.850336261382298e-4	2.7566	0.9970797124689827	0.9993866509920493
E029	Primary monocytes from peripheral blood	H3K4me3	E029_H3K4me3	Roadmap	NA	E029_H3K4me3L2_1	0.022180000000000002	0.41967	0.15952	18.921	7.192	0.0032188000000000004	9.8655e-8	9.311999999999999e-8	1.0594	kunkle_2019	roadmap	0.8552911751544003	0.9993866509920493	0.4366551040816327	2.957189542537103e-4	1.0594	0.8552911751544003	0.9993866509920493
